{
  "projects": [
    {
      "name": "Ayam PoP",
      "description": "Lorem ipsum dolor sit amet, consectetur adipisci elit, sed eiusmod tempor incidunt ut labore et dolore magna aliqua. Ut enim ad minim veniam, quis nostrum exercitationem ullam corporis suscipit laboriosam, nisi ut aliquid ex ea commodi consequatur. Quis aute iure reprehenderit in voluptate velit esse cillum dolore eu fugiat nulla pariatur. Excepteur sint obcaecat cupiditat non proident, sunt in culpa qui officia deserunt mollit anim id est laborum.",
      "imageUrl": "/img/ayam pop.jpg",
      "budget": 15000,
      "isActive": false,
      "id": "1"
    },
    {
      "name": "Dendeng Batokok ",
      "description": "Lorem ipsum dolor sit amet, consectetur adipisci elit, sed eiusmod tempor incidunt ut labore et dolore magna aliqua. Ut enim ad minim veniam, quis nostrum exercitationem ullam corporis suscipit laboriosam, nisi ut aliquid ex ea commodi consequatur. Quis aute iure reprehenderit in voluptate velit esse cillum dolore eu fugiat nmollit anim id est laborum.",
      "imageUrl": "/img/dendeng batokok.jpg",
      "budget": 20000,
      "isActive": true,
      "id": "2"
    },
    {
      "name": "Gulai Cincang",
      "description": "Lorem ipsum dolor sit amet, consectetur adipisci elit, sed eiusmod tempor incidunt ut labore et dolore magna aliqua. Ut enim ad minim veniam, quis nostrum exercitationem ullam corporis suscipit laboriosam, nisi ut aliquid ex ea commodi consequatur. Quis aute iure reprehenderit in voluptate velit esse cillum dolore eu fugiat nulla pariatur. Excepteur sint obcaecat cupiditat non proident, sunt in culpa qui officia deserunt mollit anim id est laborum.",
      "imageUrl": "/img/gulai cincang.jpg",
      "budget": 30000,
      "isActive": true,
      "id": "3"
    },
    {
      "name": "Gulai Cumi",
      "description": "Lorem ipsum dolor sit amet, consectetur adipisci elit, sed eiusmod tempor incidunt ut labore et dolore magna aliqua. Ut enim ad minim veniam, quis nostrum exercitationem ullam corporis suscipit laboriosam, nisi ut aliquid ex ea commodi consequatur. Quis aute iure reprehenderit in voluptate velit esse cillum dolore eu fugiat nulla pariatur. Excepteur sint obcaecat cupiditat non proident, sunt in culpa qui officia deserunt mollit anim id est laborum.",
      "imageUrl": "/img/Gulai cumi.jpg",
      "budget": 25000,
      "isActive": true,
      "id": "4"
    },
    {
      "name": "Gulai Otak",
      "description": "Lorem ipsum dolor sit amet, consectetur adipisci elit, sed eiusmod tempor incidunt ut labore et dolore magna aliqua. Ut enim ad minim veniam, quis nostrum exercitationem ullam corporis suscipit laboriosam, nisi ut aliquid ex ea commodi consequatur. Quis aute iure reprehenderit in voluptate velit esse cillum dolore eu fugiat nulla pariatur. Excepteur sint obcaecat cupiditat non proident, sunt in culpa qui officia deserunt mollit anim id est laborum.",
      "imageUrl": "/img/gulai otak.jpg",
      "budget": 10000,
      "isActive": false,
      "id": "5"
    },
    {
      "name": "Gulai Tunjang",
      "description": "Lorem ipsum dolor sit amet, consectetur adipisci elit, sed eiusmod tempor incidunt ut labore et dolore magna aliqua. Ut enim ad minim veniam, quis nostrum exercitationem ullam corporis suscipit laboriosam, nisi ut aliquid ex ea commodi consequatur. Quis aute iure reprehenderit in voluptate velit esse cillum dolore eu fugiat nulla pariatur. Excepteur sint obcaecat cupiditat non proident, sunt in culpa qui officia deserunt mollit anim id est laborum.",
      "imageUrl": "/img/gulai tunjang.jpg",
      "budget": 18000,
      "isActive": false,
      "id": "6"
    },
    {
      "name": "ikan Asem Padeh",
      "description": "Lorem ipsum dolor sit amet, consectetur adipisci elit, sed eiusmod tempor incidunt ut labore et dolore magna aliqua. Ut enim ad minim veniam, quis nostrum exercitationem ullam corporis suscipit laboriosam, nisi ut aliquid ex ea commodi consequatur. Quis aute iure reprehenderit in voluptate velit esse cillum dolore eu fugiat nulla pariatur. Excepteur sint obcaecat cupiditat non proident, sunt in culpa qui officia deserunt mollit anim id est laborum.",
      "imageUrl": "/img/ikan asem padeh.jpg",
      "budget": 22000,
      "isActive": false,
      "id": "7"
    },
    {
      "name": "Kerupuk Jange",
      "description": "Lorem ipsum dolor sit amet, consectetur adipisci elit, sed eiusmod tempor incidunt ut labore et dolore magna aliqua. Ut enim ad minim veniam, quis nostrum exercitationem ullam corporis suscipit laboriosam, nisi ut aliquid ex ea commodi consequatur. Quis aute iure reprehenderit in voluptate velit esse cillum dolore eu fugiat nulla pariatur. Excepteur sint obcaecat cupiditat non proident, sunt in culpa qui officia deserunt mollit anim id est laborum.",
      "imageUrl": "/img/kerupuk jange.jpg",
      "budget": 5000,
      "isActive": false,
      "id": "8"
    },
    {
      "name": "Rendang",
      "description": "Lorem ipsum dolor sit amet, consectetur adipisci elit, sed eiusmod tempor incidunt ut labore et dolore magna aliqua. Ut enim ad minim veniam, quis nostrum exercitationem ullam corporis suscipit laboriosam, nisi ut aliquid ex ea commodi consequatur. Quis aute iure reprehenderit in voluptate velit esse cillum dolore eu fugiat nulla pariatur. Excepteur sint obcaecat cupiditat non proident, sunt in culpa qui officia deserunt mollit anim id est laborum.",
      "imageUrl": "/img/rendang.jpg",
      "budget": 15000,
      "isActive": false,
      "id": "9"
    },
    {
      "name": "Telur Dadar Padang",
      "description": "Lorem ipsum dolor sit amet, consectetur adipisci elit, sed eiusmod tempor incidunt ut labore et dolore magna aliqua. Ut enim ad minim veniam, quis nostrum exercitationem ullam corporis suscipit laboriosam, nisi ut aliquid ex ea commodi consequatur. Quis aute iure reprehenderit in voluptate velit esse cillum dolore eu fugiat nulla pariatur. Excepteur sint obcaecat cupiditat non proident, sunt in culpa qui officia deserunt mollit anim id est laborum.",
      "imageUrl": "/img/telur dadar padang.jpg",
      "budget": 7000,
      "isActive": false,
      "id": "10"
    },
    {
      "id": "afa9",
      "name": "sdasdasd",
      "imageUrl": "xfsdfsa",
      "description": "axfasdfa",
      "budget": "1"
    }
  ],
  "user": [
    {
      "username": "pano",
      "password": "123",
      "id": "1"
    }
  ]
}